"assessment","scenario","name","yr","Type","estimation","mu","lci","uci","lpp","upp"
"Afr_penguin","W_Coast","global",1979,"census","fit",18148.2105443039,14416.9027767139,22122.3428410841,NA,NA
"Afr_penguin","W_Coast","global",1980,"census","fit",16048.4416721581,8543.35043539165,26144.5863515045,NA,NA
"Afr_penguin","W_Coast","global",1981,"census","fit",14156.2941228694,5480.85911255698,24872.3098144487,NA,NA
"Afr_penguin","W_Coast","global",1982,"census","fit",12441.7720406628,4328.59956268013,22770.3583269827,NA,NA
"Afr_penguin","W_Coast","global",1983,"census","fit",10989.1210820287,3553.76553607983,20704.5581878011,NA,NA
"Afr_penguin","W_Coast","global",1984,"census","fit",9745.81462104228,3242.33143954206,18284.3727078195,NA,NA
"Afr_penguin","W_Coast","global",1985,"census","fit",8688.34097434304,3196.38183270296,15574.7104183926,NA,NA
"Afr_penguin","W_Coast","global",1986,"census","fit",7803.29422760539,3698.72949327081,12940.8516292069,NA,NA
"Afr_penguin","W_Coast","global",1987,"census","fit",7162.18328918511,5133.17991593052,9440.21057087457,NA,NA
"Afr_penguin","W_Coast","global",1988,"census","fit",8749.75067181044,5172.73515742987,13025.9752611141,NA,NA
"Afr_penguin","W_Coast","global",1989,"census","fit",10474.5235460395,7917.03556565769,13075.2356475833,NA,NA
"Afr_penguin","W_Coast","global",1990,"census","fit",11132.3341473283,6547.60418917251,16197.9477422519,NA,NA
"Afr_penguin","W_Coast","global",1991,"census","fit",11892.6310266709,9453.7937512462,14425.0531087174,NA,NA
"Afr_penguin","W_Coast","global",1992,"census","fit",11087.6446153503,8988.09915508437,13351.3441076847,NA,NA
"Afr_penguin","W_Coast","global",1993,"census","fit",10769.8449931238,8586.50800846291,12985.6165449146,NA,NA
"Afr_penguin","W_Coast","global",1994,"census","fit",13487.137614602,10922.9663187119,16331.4549173801,NA,NA
"Afr_penguin","W_Coast","global",1995,"census","fit",13467.7877056082,10869.283149081,16338.6526134851,NA,NA
"Afr_penguin","W_Coast","global",1996,"census","fit",13754.6221183023,11095.7487462926,16563.7108289458,NA,NA
"Afr_penguin","W_Coast","global",1997,"census","fit",13739.2065871458,11191.8676833849,16548.9627934522,NA,NA
"Afr_penguin","W_Coast","global",1998,"census","fit",15920.8405968693,12703.205798913,19034.6781519487,NA,NA
"Afr_penguin","W_Coast","global",1999,"census","fit",20528.2810119517,16533.7250916885,24996.667496938,NA,NA
"Afr_penguin","W_Coast","global",2000,"census","fit",24106.6093847864,19356.1900246026,29131.8026507154,NA,NA
"Afr_penguin","W_Coast","global",2001,"census","fit",29318.0920682706,23503.4913187996,35561.1053467581,NA,NA
"Afr_penguin","W_Coast","global",2002,"census","fit",30800.2102049091,24386.5585237289,37062.3806001638,NA,NA
"Afr_penguin","W_Coast","global",2003,"census","fit",28553.1451971493,22546.7503092737,34522.9701287094,NA,NA
"Afr_penguin","W_Coast","global",2004,"census","fit",32918.1891214848,26440.9619514973,39898.3347660408,NA,NA
"Afr_penguin","W_Coast","global",2005,"census","fit",29885.8426779159,23789.7274491322,36073.902920433,NA,NA
"Afr_penguin","W_Coast","global",2006,"census","fit",20710.8426704064,16704.7686928183,24998.4029420315,NA,NA
"Afr_penguin","W_Coast","global",2007,"census","fit",17567.0886123983,14288.2341066832,21108.9753557024,NA,NA
"Afr_penguin","W_Coast","global",2008,"census","fit",11385.3157377314,9474.58889393339,13590.6477685352,NA,NA
"Afr_penguin","W_Coast","global",2009,"census","fit",8620.15674297048,7113.36414388068,10354.143287225,NA,NA
"Afr_penguin","W_Coast","global",2010,"census","fit",7874.44553946526,6444.04585306318,9419.92922031339,NA,NA
"Afr_penguin","W_Coast","global",2011,"census","fit",6293.92038033496,5185.91517309707,7539.91908911653,NA,NA
"Afr_penguin","W_Coast","global",2012,"census","fit",4955.47073471723,4052.35110489576,5830.33843084676,NA,NA
"Afr_penguin","W_Coast","global",2013,"census","fit",4372.91184536302,3575.93820496213,5169.92777930886,NA,NA
"Afr_penguin","W_Coast","global",2014,"census","fit",3495.68578613204,2893.6288569287,4174.19862643485,NA,NA
"Afr_penguin","W_Coast","global",2015,"census","fit",3614.26410227864,2950.15786391249,4265.46483795386,NA,NA
"Afr_penguin","W_Coast","global",2016,"census","fit",3495.86279804009,2881.74147377515,4167.02202660253,NA,NA
"Afr_penguin","W_Coast","global",2017,"census","fit",3588.55710796858,2930.29595210055,4252.72661314304,NA,NA
"Afr_penguin","W_Coast","global",2018,"census","fit",3476.3748891366,2403.09529804346,4729.31810268895,NA,NA
"Afr_penguin","W_Coast","global",2019,"census","fit",3346.81615081678,2685.94293155068,3980.0429693179,NA,NA
"Afr_penguin","W_Coast","global",2020,"census","fit",3190.68499270887,1929.70848360114,4467.03782220193,NA,NA
"Afr_penguin","W_Coast","global",2021,"census","fit",3058.933007708,2462.6286689597,3670.40299593085,NA,NA
"Afr_penguin","W_Coast","global",2022,"census","fit",3531.64856613868,2835.64644199176,4253.73503714355,NA,NA
"Afr_penguin","W_Coast","global",2023,"census","fit",3169.13005489916,2511.81349927505,3850.16729935842,NA,NA
"Afr_penguin","W_Coast","global",2024,"census","prj",3156.77355074682,2424.51375127255,3911.17586257837,NA,NA
"Afr_penguin","W_Coast","Lamberts.Bay",1979,"census","fit",50.3380582856934,36.9492431460192,66.6888413717537,30.2131861391006,74.0315890661639
"Afr_penguin","W_Coast","Lamberts.Bay",1980,"census","fit",45.2151513945619,17.3300139080054,86.955172430922,16.0381725191078,91.6523071366161
"Afr_penguin","W_Coast","Lamberts.Bay",1981,"census","fit",40.8551092171585,10.9281136534049,93.1797324951478,10.5418945989063,96.3027760825467
"Afr_penguin","W_Coast","Lamberts.Bay",1982,"census","fit",37.0726384476398,7.66095791428824,90.3842165626342,7.07594209622926,94.7324021169769
"Afr_penguin","W_Coast","Lamberts.Bay",1983,"census","fit",32.7454111755661,7.47320041012296,84.5709555035162,5.97628834655914,87.8939640336543
"Afr_penguin","W_Coast","Lamberts.Bay",1984,"census","fit",29.2802405891172,6.02708944258189,73.9019262036462,5.85881075115698,77.5361098883366
"Afr_penguin","W_Coast","Lamberts.Bay",1985,"census","fit",26.3998995543894,6.75816705868097,60.2664156169113,5.92114282501289,63.8190843474006
"Afr_penguin","W_Coast","Lamberts.Bay",1986,"census","fit",23.7567564704218,9.0105949817307,46.3434050111895,7.766063390509,48.7209664877164
"Afr_penguin","W_Coast","Lamberts.Bay",1987,"census","fit",21.5122163089245,15.6347015751765,28.188903289279,12.9100872262157,31.333721089893
"Afr_penguin","W_Coast","Lamberts.Bay",1988,"census","fit",23.1843839197981,16.6727887463902,29.9112554180639,14.4981266606223,34.2599827000125
"Afr_penguin","W_Coast","Lamberts.Bay",1989,"census","fit",25.9921924629496,12.4756461129631,43.119231665202,11.6624319166869,46.4669687769131
"Afr_penguin","W_Coast","Lamberts.Bay",1990,"census","fit",28.701176384404,21.3601458193774,37.7853200296339,17.7259976987131,41.7521288015003
"Afr_penguin","W_Coast","Lamberts.Bay",1991,"census","fit",24.6096924749728,18.2225742613045,31.937133096967,15.518601249037,36.4253204483695
"Afr_penguin","W_Coast","Lamberts.Bay",1992,"census","fit",19.0983357080318,14.2680241024756,24.8009799268742,12.0276227923601,28.0104502176253
"Afr_penguin","W_Coast","Lamberts.Bay",1993,"census","fit",20.9349270137468,15.6282268045408,27.2335421272263,13.4566032911145,31.3655706862951
"Afr_penguin","W_Coast","Lamberts.Bay",1994,"census","fit",17.3631913836757,12.8320943713438,22.2908612019603,11.0037892915029,25.2716961611152
"Afr_penguin","W_Coast","Lamberts.Bay",1995,"census","fit",24.0445828402241,18.0247333120061,31.2571936306087,15.245534822531,35.6360583852273
"Afr_penguin","W_Coast","Lamberts.Bay",1996,"census","fit",20.7667267202054,15.5097302629245,26.8771109915021,13.0597950486457,30.4048540775447
"Afr_penguin","W_Coast","Lamberts.Bay",1997,"census","fit",22.8320472737018,16.8410214678709,29.4526697030864,14.4477210630069,33.6435355521395
"Afr_penguin","W_Coast","Lamberts.Bay",1998,"census","fit",23.856147816462,17.4676924672182,30.881094996979,15.1019314368434,35.460581413716
"Afr_penguin","W_Coast","Lamberts.Bay",1999,"census","fit",12.0085242884014,8.88867164541483,15.579854924686,7.45239680485942,17.6178917946632
"Afr_penguin","W_Coast","Lamberts.Bay",2000,"census","fit",10.104221639967,7.40015522715274,13.1251642600031,6.36043113037977,14.7356638482083
"Afr_penguin","W_Coast","Lamberts.Bay",2001,"census","fit",9.22469316007497,6.90724444412991,11.9546634095263,5.71871270333433,13.4583186119538
"Afr_penguin","W_Coast","Lamberts.Bay",2002,"census","fit",9.75452113491246,7.24383657537581,12.5970657714083,6.10624180338051,14.140809538959
"Afr_penguin","W_Coast","Lamberts.Bay",2003,"census","fit",16.8463453988114,12.3848708831838,21.7762071038379,10.4866855664759,24.4667501609859
"Afr_penguin","W_Coast","Lamberts.Bay",2004,"census","fit",19.4002464249527,14.631559432643,25.3426990073723,12.0354309902292,28.3719424659582
"Afr_penguin","W_Coast","Lamberts.Bay",2005,"census","fit",10.5945556460271,7.77921207242195,13.8588357312868,6.64601193843167,15.6402448838406
"Afr_penguin","W_Coast","Lamberts.Bay",2006,"census","fit",8.23730584494087,2.76693066407116,16.1940079909467,2.62428794172272,17.2420884503462
"Afr_penguin","W_Coast","Lamberts.Bay",2007,"census","fit",6.35216811576114,1.59804941202282,15.767361331259,1.27002800511944,16.2644624111377
"Afr_penguin","W_Coast","Lamberts.Bay",2008,"census","fit",4.927475048997,0.656501552770265,14.0848967139872,0.749312933712224,14.6713895777319
"Afr_penguin","W_Coast","Lamberts.Bay",2009,"census","fit",3.78693549243686,0.436392761699849,12.5256135660319,0.443591435589804,12.893717925815
"Afr_penguin","W_Coast","Lamberts.Bay",2010,"census","fit",2.93837652001203,0.257544080044281,10.4687817572269,0.254034740984576,10.831395932358
"Afr_penguin","W_Coast","Lamberts.Bay",2011,"census","fit",2.25089594377892,0.174583725121799,8.50918017262172,0.190101466329316,8.74363874252848
"Afr_penguin","W_Coast","Lamberts.Bay",2012,"census","fit",1.7408579744172,0.135913017622146,6.86987034905259,0.125335607732595,7.17857216159826
"Afr_penguin","W_Coast","Lamberts.Bay",2013,"census","fit",1.34378197766826,0.100253154739856,5.36507561453373,0.0721894419947834,5.54202426254046
"Afr_penguin","W_Coast","Lamberts.Bay",2014,"census","fit",1.03853719284315,0.0785174341907495,4.17166795343484,0.0579627223002471,4.25114372317811
"Afr_penguin","W_Coast","Lamberts.Bay",2015,"census","fit",0.800506647118391,0.0468998649191264,3.18927048741848,0.0434801856470869,3.26015758695827
"Afr_penguin","W_Coast","Lamberts.Bay",2016,"census","fit",0.613706967994435,0.0503113090423557,2.37663287664436,0.0342071336815857,2.45732302452031
"Afr_penguin","W_Coast","Lamberts.Bay",2017,"census","fit",0.476043830050388,0.0418629864941742,1.7498592393774,0.0284880791938737,1.79538223858638
"Afr_penguin","W_Coast","Lamberts.Bay",2018,"census","fit",0.365015040489722,0.0386334315998693,1.27275421346709,0.0299509385891529,1.30144928944818
"Afr_penguin","W_Coast","Lamberts.Bay",2019,"census","fit",0.285175063618245,0.0369823206028406,0.91932142888658,0.0339424602331389,0.935270463668947
"Afr_penguin","W_Coast","Lamberts.Bay",2020,"census","fit",0.218525311510432,0.0335953725152643,0.641770908327702,0.0318193571176855,0.649544305677085
"Afr_penguin","W_Coast","Lamberts.Bay",2021,"census","fit",0.169657719291145,0.0405018122834973,0.428170319611377,0.0328977801687366,0.440501747703083
"Afr_penguin","W_Coast","Lamberts.Bay",2022,"census","fit",0.131898163387768,0.0488762205514675,0.266384023756868,0.0394843197373585,0.274970454978279
"Afr_penguin","W_Coast","Lamberts.Bay",2023,"census","fit",0.101826094893578,0.0728428915476044,0.136598274586418,0.0627826611645644,0.153681167655006
"Afr_penguin","W_Coast","Lamberts.Bay",2024,"census","prj",0.0796106402571505,0.0524068730804861,0.110776777607517,0.05207849980784,0.113680266340051
"Afr_penguin","W_Coast","Malgas.Island",1979,"census","fit",1002.09179593797,725.118549151376,1331.28954502072,614.698621010656,1484.66304958805
"Afr_penguin","W_Coast","Malgas.Island",1980,"census","fit",786.540899680714,297.26419196272,1532.32169664523,282.490116610989,1611.00061555789
"Afr_penguin","W_Coast","Malgas.Island",1981,"census","fit",618.664499325427,172.179303404035,1442.5498330795,153.742734267686,1499.16522201369
"Afr_penguin","W_Coast","Malgas.Island",1982,"census","fit",483.20882160886,111.71332442991,1216.18415137258,91.0637846836966,1268.45943195072
"Afr_penguin","W_Coast","Malgas.Island",1983,"census","fit",381.219168602112,69.4056845638498,979.080411845742,64.8969970682858,1007.71690095891
"Afr_penguin","W_Coast","Malgas.Island",1984,"census","fit",299.655489267298,68.9809042508196,762.214447281148,67.5742784923861,793.73545895889
"Afr_penguin","W_Coast","Malgas.Island",1985,"census","fit",235.632148019444,63.8306080516836,549.268714890134,63.7694869082303,572.975197785197
"Afr_penguin","W_Coast","Malgas.Island",1986,"census","fit",183.963621506386,65.2229845663331,357.308578539358,62.869088533125,378.997542381437
"Afr_penguin","W_Coast","Malgas.Island",1987,"census","fit",143.914623513676,103.494817346748,188.474823957644,87.3304623175097,210.085879393397
"Afr_penguin","W_Coast","Malgas.Island",1988,"census","fit",123.266880761262,60.778412177612,206.272404234577,54.1509777065937,218.286574116056
"Afr_penguin","W_Coast","Malgas.Island",1989,"census","fit",104.571152918322,76.9295071130325,135.944389141877,65.6603584817543,155.090085629392
"Afr_penguin","W_Coast","Malgas.Island",1990,"census","fit",112.107398531068,82.2047293628926,144.978905493676,70.4712592535846,165.34724702372
"Afr_penguin","W_Coast","Malgas.Island",1991,"census","fit",85.0220681373444,63.6099714216807,111.112189566782,53.0255403153077,125.557373916692
"Afr_penguin","W_Coast","Malgas.Island",1992,"census","fit",93.5977149918826,70.1232036937073,121.845432025412,58.5109568000197,136.922333289513
"Afr_penguin","W_Coast","Malgas.Island",1993,"census","fit",73.855352875899,54.4779492984974,94.9640650300338,45.4433013067858,106.846986329258
"Afr_penguin","W_Coast","Malgas.Island",1994,"census","fit",78.3882482408155,58.3539468147847,101.486906806344,49.434378209952,116.121793464881
"Afr_penguin","W_Coast","Malgas.Island",1995,"census","fit",73.7333231821868,54.9392165429104,95.5370529712369,46.0535682994404,108.139814142246
"Afr_penguin","W_Coast","Malgas.Island",1996,"census","fit",67.8826673147925,51.3432940590905,88.0561133274593,41.6645255046706,99.1124096064953
"Afr_penguin","W_Coast","Malgas.Island",1997,"census","fit",47.1944289817381,35.0496774344244,60.7778852755818,30.5675421763117,70.6555616570548
"Afr_penguin","W_Coast","Malgas.Island",1998,"census","fit",59.4148338046991,44.6094310931199,78.0459775843016,37.4802896317469,87.1958973724237
"Afr_penguin","W_Coast","Malgas.Island",1999,"census","fit",63.8711240385309,47.2199209112501,82.4608687073427,40.7325875598779,93.1353644331869
"Afr_penguin","W_Coast","Malgas.Island",2000,"census","fit",50.5932022547736,37.8539144949771,65.7995498875331,31.9371934917579,73.5959208382371
"Afr_penguin","W_Coast","Malgas.Island",2001,"census","fit",54.3535767249185,40.7003774659601,70.3646809043938,34.3835047141127,80.4190167645736
"Afr_penguin","W_Coast","Malgas.Island",2002,"census","fit",55.0783288622111,41.2995385965869,71.6352739403409,34.5522738425689,81.3377496463647
"Afr_penguin","W_Coast","Malgas.Island",2003,"census","fit",42.267910738949,31.2458530590028,54.6017062018419,25.8968260040872,61.632270654747
"Afr_penguin","W_Coast","Malgas.Island",2004,"census","fit",28.8279766963594,21.4941123414033,37.398048932935,17.7407487890911,41.8876604526136
"Afr_penguin","W_Coast","Malgas.Island",2005,"census","fit",23.9154462776529,17.7968522757605,30.8218801202221,15.0814325870799,35.0499996687148
"Afr_penguin","W_Coast","Malgas.Island",2006,"census","fit",11.8414111373937,8.6910729677795,15.1318737739549,7.33858727933354,17.1266737852101
"Afr_penguin","W_Coast","Malgas.Island",2007,"census","fit",8.84368852737813,6.56148297005952,11.4850192543191,5.57321116232168,13.0019018958117
"Afr_penguin","W_Coast","Malgas.Island",2008,"census","fit",12.2330578381975,9.0426624379412,15.8179114747489,7.64351998236501,17.9531132327278
"Afr_penguin","W_Coast","Malgas.Island",2009,"census","fit",18.7027534198824,13.9790279146623,24.2562303995662,11.6809892393232,27.4085237351658
"Afr_penguin","W_Coast","Malgas.Island",2010,"census","fit",18.9223848823612,14.168576387422,24.6970465887022,11.9747103720672,27.82248300713
"Afr_penguin","W_Coast","Malgas.Island",2011,"census","fit",37.4908956793798,28.0139020824311,48.7785303461119,23.4171662696416,54.7413551956354
"Afr_penguin","W_Coast","Malgas.Island",2012,"census","fit",37.0784718729746,27.5783894482278,47.9573797074333,22.9163250629193,54.2080839496655
"Afr_penguin","W_Coast","Malgas.Island",2013,"census","fit",23.3783346734806,17.249975548409,30.3040034718798,14.6294344631459,34.1783183803247
"Afr_penguin","W_Coast","Malgas.Island",2014,"census","fit",27.9499344457439,20.6096677467511,35.8023164475591,17.5372908444802,40.7712328466062
"Afr_penguin","W_Coast","Malgas.Island",2015,"census","fit",21.256057436033,15.636078864951,27.3152066218233,13.3212046248386,31.2298269161201
"Afr_penguin","W_Coast","Malgas.Island",2016,"census","fit",17.0911896421983,12.8654751639618,22.2183936217803,10.8133093175641,24.9581362445093
"Afr_penguin","W_Coast","Malgas.Island",2017,"census","fit",14.2464709819394,10.6178701803129,18.5191203451165,9.02312881205681,20.9381361681735
"Afr_penguin","W_Coast","Malgas.Island",2018,"census","fit",5.75069605006149,4.17342307737823,7.38752653830865,3.60168550564909,8.4329939144548
"Afr_penguin","W_Coast","Malgas.Island",2019,"census","fit",5.5315665023607,4.15638958025294,7.25413963558528,3.54262781678967,8.20274001270654
"Afr_penguin","W_Coast","Malgas.Island",2020,"census","fit",3.22209120675199,2.38431881783468,4.14674510210984,2.05541362390315,4.7412722740603
"Afr_penguin","W_Coast","Malgas.Island",2021,"census","fit",2.9345084665894,2.1703685466455,3.81735504361545,1.78661872778691,4.33591476518546
"Afr_penguin","W_Coast","Malgas.Island",2022,"census","fit",2.36161335207661,1.7548581690951,3.06207894350356,1.44844254437017,3.44912618763208
"Afr_penguin","W_Coast","Malgas.Island",2023,"census","fit",5.18996634576028,3.78674116854805,6.81386373838181,3.14376068818219,7.58909784100639
"Afr_penguin","W_Coast","Malgas.Island",2024,"census","prj",4.33529490307256,3.04213032222636,5.83961676348374,2.91421318290835,5.97386831155536
"Afr_penguin","W_Coast","Marcus.Island",1979,"census","fit",1239.84696039858,904.434263927873,1627.3992395746,781.290003146388,1832.78430339026
"Afr_penguin","W_Coast","Marcus.Island",1980,"census","fit",1005.67062341772,372.033466205604,1928.35203999759,352.37456948855,2061.57294936046
"Afr_penguin","W_Coast","Marcus.Island",1981,"census","fit",803.85625048608,193.740674873135,1792.54772906642,174.653475029195,1895.87166044114
"Afr_penguin","W_Coast","Marcus.Island",1982,"census","fit",649.960758449933,142.018984112931,1611.81988771406,110.855623677314,1657.23281945663
"Afr_penguin","W_Coast","Marcus.Island",1983,"census","fit",526.607303074121,100.630650908751,1313.5431092546,95.0739695530443,1356.61507157946
"Afr_penguin","W_Coast","Marcus.Island",1984,"census","fit",425.541754940331,92.5736019292959,1061.58876030235,85.5439981537598,1102.44169663956
"Afr_penguin","W_Coast","Marcus.Island",1985,"census","fit",340.433878011908,96.0536385625023,790.882838373852,82.8315655744121,803.584540355052
"Afr_penguin","W_Coast","Marcus.Island",1986,"census","fit",274.194186893862,97.0411289857248,524.966883347601,99.333782352102,556.110237259288
"Afr_penguin","W_Coast","Marcus.Island",1987,"census","fit",221.001399587592,158.527869939467,291.728635476236,136.567359204044,328.074852971204
"Afr_penguin","W_Coast","Marcus.Island",1988,"census","fit",219.074958923619,83.8710992049052,398.810993423824,75.9117837928051,423.336291102351
"Afr_penguin","W_Coast","Marcus.Island",1989,"census","fit",213.908674100189,77.3734940824682,439.155080346513,62.4395561685361,442.173735493743
"Afr_penguin","W_Coast","Marcus.Island",1990,"census","fit",210.033632815093,88.0269613272072,389.569702039948,78.4203910523393,409.573605200997
"Afr_penguin","W_Coast","Marcus.Island",1991,"census","fit",207.179391399535,150.310503055626,274.132845637606,121.970986365546,305.371986688564
"Afr_penguin","W_Coast","Marcus.Island",1992,"census","fit",204.048741759078,86.0760772835127,358.177155979837,84.1892783908472,388.054690215447
"Afr_penguin","W_Coast","Marcus.Island",1993,"census","fit",198.610088982465,91.4249201296095,363.162226893588,74.2836086323158,375.520178517512
"Afr_penguin","W_Coast","Marcus.Island",1994,"census","fit",196.79535952984,143.747438266703,256.842885478951,122.486454416599,287.352076091779
"Afr_penguin","W_Coast","Marcus.Island",1995,"census","fit",154.83895301454,115.239229049309,200.199211405261,95.9929199178528,225.781773328728
"Afr_penguin","W_Coast","Marcus.Island",1996,"census","fit",101.88544568976,75.4505289004885,132.486215970554,62.2767079513956,147.001951207535
"Afr_penguin","W_Coast","Marcus.Island",1997,"census","fit",80.4225184529515,59.6678934999967,103.971596758784,51.167172448478,118.449462876469
"Afr_penguin","W_Coast","Marcus.Island",1998,"census","fit",114.914113058546,84.5909082521077,148.726983875802,69.432480943317,165.714923177331
"Afr_penguin","W_Coast","Marcus.Island",1999,"census","fit",113.426637055317,83.9361336737581,147.470079280445,69.8988275892801,166.32613379057
"Afr_penguin","W_Coast","Marcus.Island",2000,"census","fit",98.5402740754962,72.3916952853227,126.348132791123,61.5796744726646,144.613167622662
"Afr_penguin","W_Coast","Marcus.Island",2001,"census","fit",104.096123108438,76.7432934786726,134.522446660195,62.8984005188126,151.387336003707
"Afr_penguin","W_Coast","Marcus.Island",2002,"census","fit",62.6606582074327,45.9064638660088,80.6917253421864,39.1999424456905,91.2463890871881
"Afr_penguin","W_Coast","Marcus.Island",2003,"census","fit",65.5179958755124,47.9644260119805,84.0587717326056,41.1564312229627,95.4541244814136
"Afr_penguin","W_Coast","Marcus.Island",2004,"census","fit",72.9036899832484,53.8966698304907,94.2141269364666,45.5615696706146,106.272637490119
"Afr_penguin","W_Coast","Marcus.Island",2005,"census","fit",52.7430150552945,39.3187623879762,68.6881137826487,33.1482709535888,77.4708386432447
"Afr_penguin","W_Coast","Marcus.Island",2006,"census","fit",37.1675038243176,27.8627586912513,48.3162138615374,23.2051056492305,54.0483773139186
"Afr_penguin","W_Coast","Marcus.Island",2007,"census","fit",55.7790616345932,41.3112829960714,71.8089378228368,34.850912078057,82.4713226897756
"Afr_penguin","W_Coast","Marcus.Island",2008,"census","fit",59.1171582724071,44.6855183088768,77.1229000570931,37.8705970545466,86.4806600447465
"Afr_penguin","W_Coast","Marcus.Island",2009,"census","fit",39.9356120456905,29.5601563671793,51.5308193464538,25.5886446220962,58.5358114827188
"Afr_penguin","W_Coast","Marcus.Island",2010,"census","fit",23.170574821664,17.2031067470664,29.9828062653351,14.7008875767907,33.9630829294453
"Afr_penguin","W_Coast","Marcus.Island",2011,"census","fit",24.9299772899648,18.7270539445312,32.2907894993805,15.4813076092423,36.4169163430753
"Afr_penguin","W_Coast","Marcus.Island",2012,"census","fit",13.0605280222592,9.71763285664555,16.9691585276793,8.30313719691117,19.4745211265614
"Afr_penguin","W_Coast","Marcus.Island",2013,"census","fit",19.3874595131588,14.5846784407695,25.1764798608489,11.891599748144,28.1441017661575
"Afr_penguin","W_Coast","Marcus.Island",2014,"census","fit",10.1218199496407,7.4644463112414,13.0148330859039,6.47589779481828,14.8222203932651
"Afr_penguin","W_Coast","Marcus.Island",2015,"census","fit",10.6370225349477,7.97525411626024,13.8350687731045,6.40064207138682,15.2438955037227
"Afr_penguin","W_Coast","Marcus.Island",2016,"census","fit",16.5671345601397,12.3050347953161,21.7206241483684,10.2138638929877,24.2431865479797
"Afr_penguin","W_Coast","Marcus.Island",2017,"census","fit",8.10881787878869,3.7934337772623,13.6078536747366,3.77405890889023,14.7613102029098
"Afr_penguin","W_Coast","Marcus.Island",2018,"census","fit",3.9973367899634,2.92742626809238,5.30476472717692,2.50149863763541,5.9620853493642
"Afr_penguin","W_Coast","Marcus.Island",2019,"census","fit",1.95455857666774,0.717890643925076,3.65356750205108,0.645944407572514,3.89737535501706
"Afr_penguin","W_Coast","Marcus.Island",2020,"census","fit",0.949363772567137,0.272880462460038,2.00518557814028,0.262029509052082,2.14215042407832
"Afr_penguin","W_Coast","Marcus.Island",2021,"census","fit",0.457535860586041,0.146762788294986,0.981778092741605,0.159128740543157,1.05193833811124
"Afr_penguin","W_Coast","Marcus.Island",2022,"census","fit",0.222796415185806,0.0829020301107094,0.416991042724466,0.0725605374724776,0.437768068647287
"Afr_penguin","W_Coast","Marcus.Island",2023,"census","fit",0.108147484823564,0.0784862687406475,0.145708830757949,0.0655407217337527,0.161009706550202
"Afr_penguin","W_Coast","Marcus.Island",2024,"census","prj",0.0671723308872369,0.0458365201206058,0.092305506537788,0.0449796006249524,0.0943857097665721
"Afr_penguin","W_Coast","Jutten.Island",1979,"census","fit",2873.73074838068,2094.75199838986,3782.27330863701,1776.62357747884,4258.64014605542
"Afr_penguin","W_Coast","Jutten.Island",1980,"census","fit",2580.84054805959,943.709696351142,5222.80585902935,815.320741611197,5411.87729176932
"Afr_penguin","W_Coast","Jutten.Island",1981,"census","fit",2345.4894671167,527.459273223551,5498.64204135246,469.743177569039,5701.98766368579
"Afr_penguin","W_Coast","Jutten.Island",1982,"census","fit",2126.56799869354,375.471711866012,5693.01225351159,375.275022970223,5933.1128365742
"Afr_penguin","W_Coast","Jutten.Island",1983,"census","fit",1898.38755874275,259.741434453954,5756.82563998826,249.610101858903,5875.44122891277
"Afr_penguin","W_Coast","Jutten.Island",1984,"census","fit",1695.90185412757,189.833211481179,5392.35924995772,173.112491127619,5538.05439569637
"Afr_penguin","W_Coast","Jutten.Island",1985,"census","fit",1544.17353196426,194.877674144915,4939.71757021038,187.544745608362,5064.6495507708
"Afr_penguin","W_Coast","Jutten.Island",1986,"census","fit",1390.76385564069,171.366838588571,4334.99910052947,166.401073554221,4514.41268263979
"Afr_penguin","W_Coast","Jutten.Island",1987,"census","fit",1266.1813376967,157.931901002045,3740.39307432059,144.63416740917,3829.58105901691
"Afr_penguin","W_Coast","Jutten.Island",1988,"census","fit",1144.86756309597,186.284026902034,3076.26489388954,180.48321754812,3201.02786602237
"Afr_penguin","W_Coast","Jutten.Island",1989,"census","fit",1018.66899460672,246.457511020853,2448.31745559214,231.93453949406,2579.038516809
"Afr_penguin","W_Coast","Jutten.Island",1990,"census","fit",917.793175789961,312.989413384845,1821.28715535105,301.27440988087,1927.96841757212
"Afr_penguin","W_Coast","Jutten.Island",1991,"census","fit",831.828250437218,610.125679267133,1089.56901663916,521.399538284624,1231.81037741148
"Afr_penguin","W_Coast","Jutten.Island",1992,"census","fit",916.190781639346,674.258176799246,1187.04839538694,568.562300357785,1339.00262150268
"Afr_penguin","W_Coast","Jutten.Island",1993,"census","fit",622.427896971413,468.982879564694,811.211347476946,376.705326863431,907.383752545842
"Afr_penguin","W_Coast","Jutten.Island",1994,"census","fit",1170.74279432814,865.288582434305,1516.3553900393,725.582161494181,1703.89192320428
"Afr_penguin","W_Coast","Jutten.Island",1995,"census","fit",911.611580282536,672.511319285564,1167.34495879559,585.11597866829,1332.14319284097
"Afr_penguin","W_Coast","Jutten.Island",1996,"census","fit",811.895767120532,601.505225546855,1051.1842622933,514.801813185437,1197.75870946978
"Afr_penguin","W_Coast","Jutten.Island",1997,"census","fit",924.860460319679,690.075964401057,1202.04534173143,582.432049335079,1351.37533009769
"Afr_penguin","W_Coast","Jutten.Island",1998,"census","fit",935.567614655498,701.461600138539,1211.43584836229,567.127607175959,1347.14815948647
"Afr_penguin","W_Coast","Jutten.Island",1999,"census","fit",796.538007474685,594.037379808751,1034.66961407014,497.547022951737,1161.14530919308
"Afr_penguin","W_Coast","Jutten.Island",2000,"census","fit",922.193609674223,686.972871846757,1190.36558270135,571.247993585661,1345.74307868536
"Afr_penguin","W_Coast","Jutten.Island",2001,"census","fit",1239.53280209353,920.668907102605,1600.34510938324,782.125010652639,1810.26505661551
"Afr_penguin","W_Coast","Jutten.Island",2002,"census","fit",1026.15144798968,756.030502648198,1315.48019353997,643.953761801763,1501.84606554222
"Afr_penguin","W_Coast","Jutten.Island",2003,"census","fit",763.382213689238,572.540250230282,996.215474663757,468.619432858917,1106.81893847817
"Afr_penguin","W_Coast","Jutten.Island",2004,"census","fit",823.375117597599,608.840250622595,1066.33045138159,515.823984012548,1224.46680881157
"Afr_penguin","W_Coast","Jutten.Island",2005,"census","fit",751.706874582213,557.584775015736,966.594317063467,474.046138101576,1098.88563195852
"Afr_penguin","W_Coast","Jutten.Island",2006,"census","fit",454.239548130255,335.126457958796,587.203422372591,290.255153928792,668.217640627484
"Afr_penguin","W_Coast","Jutten.Island",2007,"census","fit",367.479134655725,273.891939884987,476.69762836978,235.389141893822,540.432169375297
"Afr_penguin","W_Coast","Jutten.Island",2008,"census","fit",588.348064546644,435.692345140323,758.880062958903,368.287233251403,856.3990770567
"Afr_penguin","W_Coast","Jutten.Island",2009,"census","fit",412.92874633292,310.904984936069,539.883583915651,256.085196303775,604.246202212162
"Afr_penguin","W_Coast","Jutten.Island",2010,"census","fit",316.00186731059,232.828192253009,409.219511090576,194.298595496214,458.871473736527
"Afr_penguin","W_Coast","Jutten.Island",2011,"census","fit",365.612330528954,271.221672868203,469.341882884771,224.846593407618,532.538397011198
"Afr_penguin","W_Coast","Jutten.Island",2012,"census","fit",293.310268199529,219.753011644092,384.030287342513,183.495487839261,429.041936551066
"Afr_penguin","W_Coast","Jutten.Island",2013,"census","fit",244.131472233303,179.061445966678,317.140826863454,149.14620200483,357.161695529529
"Afr_penguin","W_Coast","Jutten.Island",2014,"census","fit",166.731368780153,122.720205892998,214.892072572113,107.545656000879,248.016634846706
"Afr_penguin","W_Coast","Jutten.Island",2015,"census","fit",151.437773945456,111.478395619089,195.063956731031,93.0201875523076,218.228099997949
"Afr_penguin","W_Coast","Jutten.Island",2016,"census","fit",137.096986898278,102.405272740876,177.888095686444,86.5178086757959,199.816571442805
"Afr_penguin","W_Coast","Jutten.Island",2017,"census","fit",122.76095238442,91.2765797375286,158.725633180577,77.7292300215859,179.972036280114
"Afr_penguin","W_Coast","Jutten.Island",2018,"census","fit",77.5182795067134,57.3910454784841,100.473150085011,49.0058035257446,114.20649526861
"Afr_penguin","W_Coast","Jutten.Island",2019,"census","fit",120.454847951523,87.8219939972993,155.116902573574,73.2589459299026,174.719786591977
"Afr_penguin","W_Coast","Jutten.Island",2020,"census","fit",80.9269638277705,37.4222063537046,133.466257472778,33.461439078831,142.009238998053
"Afr_penguin","W_Coast","Jutten.Island",2021,"census","fit",54.1947604649893,39.5396358557895,69.9675343570939,33.3577382248293,79.3696826899678
"Afr_penguin","W_Coast","Jutten.Island",2022,"census","fit",68.1869964765878,50.6447224864134,88.0934374273725,41.5353560692934,98.503328233334
"Afr_penguin","W_Coast","Jutten.Island",2023,"census","fit",57.182386477645,42.2874029222705,75.1754844917199,35.5208110780033,83.68183515691
"Afr_penguin","W_Coast","Jutten.Island",2024,"census","prj",50.886304012672,36.2082380101568,68.4494730686835,35.2087117583549,69.8826049425551
"Afr_penguin","W_Coast","Vondeling.Island",1979,"census","fit",488.494211331838,356.623463321774,650.356079040384,298.63647313494,723.116759429172
"Afr_penguin","W_Coast","Vondeling.Island",1980,"census","fit",433.062220384201,161.503136618924,854.817994136792,144.749291863143,887.251405256142
"Afr_penguin","W_Coast","Vondeling.Island",1981,"census","fit",389.66434556899,95.3010546510823,875.412925346451,100.085499388627,931.940396653432
"Afr_penguin","W_Coast","Vondeling.Island",1982,"census","fit",345.306771457816,74.5175091886566,876.982251892669,65.4046982692383,890.36249016817
"Afr_penguin","W_Coast","Vondeling.Island",1983,"census","fit",306.621768331289,69.5097026804827,782.962317758016,56.1236057135341,802.038410191597
"Afr_penguin","W_Coast","Vondeling.Island",1984,"census","fit",272.977664161888,49.5940471397353,681.69664389314,58.7227578330112,710.36942261716
"Afr_penguin","W_Coast","Vondeling.Island",1985,"census","fit",243.94144027339,68.4063457932421,561.496715935372,61.0541475171847,573.270432979584
"Afr_penguin","W_Coast","Vondeling.Island",1986,"census","fit",215.218468208025,83.0612105667151,417.099731177676,71.7342516681803,435.238449410534
"Afr_penguin","W_Coast","Vondeling.Island",1987,"census","fit",192.306891580741,138.172547331534,254.429139900789,114.943058158619,281.563036784077
"Afr_penguin","W_Coast","Vondeling.Island",1988,"census","fit",150.722310615303,76.7197017642229,257.974873545662,69.0878347860049,276.669268520616
"Afr_penguin","W_Coast","Vondeling.Island",1989,"census","fit",118.412337520927,85.8550929675787,156.147403364339,76.1111186209605,177.54262704086
"Afr_penguin","W_Coast","Vondeling.Island",1990,"census","fit",157.380082290385,76.9282371183631,269.448464343395,67.1410191821758,286.187305302236
"Afr_penguin","W_Coast","Vondeling.Island",1991,"census","fit",205.753885572468,149.662021818202,267.621570328821,127.010888511347,302.273609530004
"Afr_penguin","W_Coast","Vondeling.Island",1992,"census","fit",141.538778802379,104.180978735684,183.474857511774,89.8397141563192,207.39425401137
"Afr_penguin","W_Coast","Vondeling.Island",1993,"census","fit",144.202425105873,107.079194354534,187.233660251004,91.5215148520595,210.78616273661
"Afr_penguin","W_Coast","Vondeling.Island",1994,"census","fit",169.830529152948,125.510575047497,220.079161662624,104.122396555043,247.722355310152
"Afr_penguin","W_Coast","Vondeling.Island",1995,"census","fit",205.341545849823,153.981726495396,269.014077606875,130.372053979749,302.995486806034
"Afr_penguin","W_Coast","Vondeling.Island",1996,"census","fit",257.62333038831,193.098356461678,335.723750680198,160.552246962304,376.574127610556
"Afr_penguin","W_Coast","Vondeling.Island",1997,"census","fit",320.05709119139,236.26830912742,412.506230142845,202.495218044581,469.870479657576
"Afr_penguin","W_Coast","Vondeling.Island",1998,"census","fit",187.404473858074,137.064316837328,243.199448096035,116.965845239759,275.958571117757
"Afr_penguin","W_Coast","Vondeling.Island",1999,"census","fit",327.847067876157,245.668001971405,427.159711202563,201.582752711266,469.781842546029
"Afr_penguin","W_Coast","Vondeling.Island",2000,"census","fit",505.534001557969,379.84557363118,657.852419826295,320.889902978217,745.06504256855
"Afr_penguin","W_Coast","Vondeling.Island",2001,"census","fit",617.568938880686,461.405083899854,801.402174561236,378.471652831981,894.004351019627
"Afr_penguin","W_Coast","Vondeling.Island",2002,"census","fit",561.837653010163,409.74201677418,715.725723383705,343.708179267773,821.150627839726
"Afr_penguin","W_Coast","Vondeling.Island",2003,"census","fit",611.231219496872,456.612160322482,794.511164053421,390.751595222947,900.777275510445
"Afr_penguin","W_Coast","Vondeling.Island",2004,"census","fit",602.852241850608,446.55184377387,780.798150237986,387.741878231492,891.767657126813
"Afr_penguin","W_Coast","Vondeling.Island",2005,"census","fit",544.918260738571,404.99038777144,701.440638381772,348.96270032482,799.849875583091
"Afr_penguin","W_Coast","Vondeling.Island",2006,"census","fit",407.346841753548,300.965297532362,524.852153940511,257.144860276497,599.407575988564
"Afr_penguin","W_Coast","Vondeling.Island",2007,"census","fit",365.280234432434,268.529796013452,469.535584488933,228.310217636607,531.256391223396
"Afr_penguin","W_Coast","Vondeling.Island",2008,"census","fit",464.023436495654,343.155189942606,599.561299815957,282.816559239563,671.134048646149
"Afr_penguin","W_Coast","Vondeling.Island",2009,"census","fit",341.108809652233,251.662183274201,437.62198227025,213.949902868815,504.859160809263
"Afr_penguin","W_Coast","Vondeling.Island",2010,"census","fit",179.778708766552,132.098090640062,230.685588409261,109.129864944611,257.785236740322
"Afr_penguin","W_Coast","Vondeling.Island",2011,"census","fit",161.772575138967,120.2247373456,207.317483920301,104.653375734537,237.982963006379
"Afr_penguin","W_Coast","Vondeling.Island",2012,"census","fit",169.962567874557,128.425019674848,219.472931369564,105.394066625814,246.44730777122
"Afr_penguin","W_Coast","Vondeling.Island",2013,"census","fit",147.941759149985,111.220669805154,193.574286306967,95.1399987175329,215.921145176532
"Afr_penguin","W_Coast","Vondeling.Island",2014,"census","fit",119.746928894681,88.3789288243534,155.234623330842,76.7136146538859,175.873136100752
"Afr_penguin","W_Coast","Vondeling.Island",2015,"census","fit",117.471997762397,87.4498560532027,152.42549262914,72.4118317753312,170.517511754618
"Afr_penguin","W_Coast","Vondeling.Island",2016,"census","fit",88.0684734942283,66.6311837759107,115.28614136963,54.2224385378979,127.951832888719
"Afr_penguin","W_Coast","Vondeling.Island",2017,"census","fit",100.345729620984,74.6897225246755,129.813567454899,61.7718586568478,144.739498965085
"Afr_penguin","W_Coast","Vondeling.Island",2018,"census","fit",109.074746293494,80.5862283210275,142.863742263108,68.4916579937041,162.072532355476
"Afr_penguin","W_Coast","Vondeling.Island",2019,"census","fit",108.479735539838,47.3504288452358,196.492829986919,44.0623596981786,205.213041380311
"Afr_penguin","W_Coast","Vondeling.Island",2020,"census","fit",106.93562156084,47.2707498250209,193.372322219327,41.7651600066557,203.826026657953
"Afr_penguin","W_Coast","Vondeling.Island",2021,"census","fit",106.119501359474,76.610772892464,137.405952389352,64.5319410224097,153.713099677364
"Afr_penguin","W_Coast","Vondeling.Island",2022,"census","fit",106.546802122569,80.5094599891829,138.814160013514,66.5059400099669,155.771114447466
"Afr_penguin","W_Coast","Vondeling.Island",2023,"census","fit",67.3239963197507,49.1177080200876,88.2908042126825,41.7670600253098,100.131255178624
"Afr_penguin","W_Coast","Vondeling.Island",2024,"census","prj",63.2930387121842,44.2255330885356,84.917265849763,43.259195856829,87.1493657040117
"Afr_penguin","W_Coast","Dassen.Island",1979,"census","fit",12494.6169845752,8995.92280285636,16530.7967074788,7580.54579069116,18590.0010540216
"Afr_penguin","W_Coast","Dassen.Island",1980,"census","fit",11211.4378500664,4262.38158153799,22208.2117877025,3953.96325244807,23407.7802446135
"Afr_penguin","W_Coast","Dassen.Island",1981,"census","fit",9948.0627980959,2868.41935931205,23418.1083807367,2722.68367243345,23958.8962692336
"Afr_penguin","W_Coast","Dassen.Island",1982,"census","fit",8816.37312708549,1980.90078146379,21878.3295232074,1653.21508189523,22521.7720598292
"Afr_penguin","W_Coast","Dassen.Island",1983,"census","fit",7902.78668755869,1467.36578294393,20127.0433124179,1376.23177620454,20991.4032812722
"Afr_penguin","W_Coast","Dassen.Island",1984,"census","fit",6946.76712358673,1303.73302403944,17369.0254815364,1187.4480738598,18098.0991052035
"Afr_penguin","W_Coast","Dassen.Island",1985,"census","fit",6192.11628388118,1443.84476623431,14178.4997218219,1274.59767857673,14631.4121448187
"Afr_penguin","W_Coast","Dassen.Island",1986,"census","fit",5521.61533100433,1982.29195338953,10827.1994896019,1656.81951285602,11150.252631473
"Afr_penguin","W_Coast","Dassen.Island",1987,"census","fit",4872.39337510646,3479.11873738237,6374.70082864626,2931.26691135209,7184.80955086853
"Afr_penguin","W_Coast","Dassen.Island",1988,"census","fit",6302.89170953991,3091.01804775176,10658.1637862789,2755.03680678788,11283.7329295791
"Afr_penguin","W_Coast","Dassen.Island",1989,"census","fit",8117.36269300489,5922.31615035957,10648.054365633,5075.61187498883,12011.3850986537
"Afr_penguin","W_Coast","Dassen.Island",1990,"census","fit",8445.1808611543,4198.18110792173,14180.146953037,3674.49193630806,14952.4938569148
"Afr_penguin","W_Coast","Dassen.Island",1991,"census","fit",8729.80060453733,6494.38001428326,11404.8564220783,5489.44143122399,12765.6973359705
"Afr_penguin","W_Coast","Dassen.Island",1992,"census","fit",7694.69786653271,5803.91470483072,10023.1633512138,4845.78067677166,11224.927550644
"Afr_penguin","W_Coast","Dassen.Island",1993,"census","fit",7494.50639207617,5601.3214080931,9763.30533075414,4571.20847079741,10964.0893843676
"Afr_penguin","W_Coast","Dassen.Island",1994,"census","fit",9180.48940987328,6742.54291653827,11911.9317255863,5639.80256387046,13395.5227949753
"Afr_penguin","W_Coast","Dassen.Island",1995,"census","fit",9678.43034868338,7248.58526061652,12576.7425151166,6227.93693844757,14488.0842902877
"Afr_penguin","W_Coast","Dassen.Island",1996,"census","fit",9453.5467137461,7002.98327603184,12223.3440870831,6033.79646767574,13964.3951730073
"Afr_penguin","W_Coast","Dassen.Island",1997,"census","fit",9017.55419255903,6593.91505818772,11646.9430166225,5459.38041817918,13118.6303007366
"Afr_penguin","W_Coast","Dassen.Island",1998,"census","fit",11033.4174778025,8233.4665529947,14305.9238573038,6928.58238173265,16069.6170206874
"Afr_penguin","W_Coast","Dassen.Island",1999,"census","fit",14819.4034100493,11049.6266385821,19216.1755297371,9022.96747977199,21610.0007581187
"Afr_penguin","W_Coast","Dassen.Island",2000,"census","fit",17154.672989309,12740.566611731,22094.0877422138,10776.7181476568,25121.5832349576
"Afr_penguin","W_Coast","Dassen.Island",2001,"census","fit",20991.6498547378,15609.4481816332,27168.0179349138,12884.4084807451,30308.2182106372
"Afr_penguin","W_Coast","Dassen.Island",2002,"census","fit",22244.6900837985,16441.6266839109,28737.6416176471,13831.1230001208,32803.06592867
"Afr_penguin","W_Coast","Dassen.Island",2003,"census","fit",20808.9893492963,15359.735558787,26950.5877629882,13172.3333852163,30435.4977331983
"Afr_penguin","W_Coast","Dassen.Island",2004,"census","fit",23862.9194071746,17655.6600102142,30516.6603017324,14822.3212308626,34684.8560981051
"Afr_penguin","W_Coast","Dassen.Island",2005,"census","fit",21488.2202583571,15760.3515150251,27600.4791857761,13634.5863156103,31321.1238557384
"Afr_penguin","W_Coast","Dassen.Island",2006,"census","fit",13791.5251667254,10251.5305573942,17927.1036073536,8733.64980997127,20147.167842137
"Afr_penguin","W_Coast","Dassen.Island",2007,"census","fit",11090.4202581021,8172.46050328624,14325.3042445676,6636.42668959291,16045.9231106211
"Afr_penguin","W_Coast","Dassen.Island",2008,"census","fit",6131.07311730319,4599.98086986321,7983.24770714961,3878.22078594827,9074.70603919368
"Afr_penguin","W_Coast","Dassen.Island",2009,"census","fit",5220.35523815692,3847.46670334433,6692.42333289904,3158.59958140342,7536.73923054115
"Afr_penguin","W_Coast","Dassen.Island",2010,"census","fit",4817.6663032858,3618.11880678405,6262.87704929027,3054.66893554082,7032.31432200525
"Afr_penguin","W_Coast","Dassen.Island",2011,"census","fit",3836.55765266619,2810.74517778419,4949.68515834883,2416.11502127361,5609.74312433627
"Afr_penguin","W_Coast","Dassen.Island",2012,"census","fit",2788.067861666,2093.54927693301,3642.10050487546,1728.28720815283,4074.73972303346
"Afr_penguin","W_Coast","Dassen.Island",2013,"census","fit",2579.53542681545,1896.25596226156,3313.00474210418,1575.33578646562,3754.96907619583
"Afr_penguin","W_Coast","Dassen.Island",2014,"census","fit",2091.87634715657,1569.77148602064,2703.43286266367,1323.59684588211,3019.51183236865
"Afr_penguin","W_Coast","Dassen.Island",2015,"census","fit",2103.18910594103,1556.87315347372,2714.59992301895,1293.29574196632,3057.36769472567
"Afr_penguin","W_Coast","Dassen.Island",2016,"census","fit",1892.64008686599,1418.61289631962,2485.184371837,1156.63611339726,2773.56050349161
"Afr_penguin","W_Coast","Dassen.Island",2017,"census","fit",1925.29382892549,1423.61761965015,2510.1049627835,1184.05852907687,2822.57641049006
"Afr_penguin","W_Coast","Dassen.Island",2018,"census","fit",1907.3102042178,930.007492650058,3218.71225142356,813.966692938724,3437.20896706887
"Afr_penguin","W_Coast","Dassen.Island",2019,"census","fit",1913.44976006051,1430.28029926087,2536.79867479173,1150.30613566475,2768.65753971204
"Afr_penguin","W_Coast","Dassen.Island",2020,"census","fit",1896.26094370033,877.500817380529,3151.81826657273,800.553901591381,3333.88364690615
"Afr_penguin","W_Coast","Dassen.Island",2021,"census","fit",1876.37240745058,1367.36763554951,2445.95324901028,1141.58689465531,2744.02504533401
"Afr_penguin","W_Coast","Dassen.Island",2022,"census","fit",2371.25094975781,1729.06105433148,3031.56853141633,1426.22511136172,3424.19056854169
"Afr_penguin","W_Coast","Dassen.Island",2023,"census","fit",2075.07405756973,1489.09382228168,2715.75200657569,1291.91993986343,3111.9705437369
"Afr_penguin","W_Coast","Dassen.Island",2024,"census","prj",2067.43057264246,1465.92986244582,2814.54228683566,1428.32171331628,2874.62798329717
"Afr_penguin","W_Coast","Robben.Island",1979,"census","fit",0.114161459263353,0.0839152301285068,0.150338297760875,0.0694752233091047,0.168353930754529
"Afr_penguin","W_Coast","Robben.Island",1980,"census","fit",0.340046253136198,0.14552323512223,0.644726172565122,0.124710291340959,0.665599106597231
"Afr_penguin","W_Coast","Robben.Island",1981,"census","fit",1.01038420290716,0.366112352661874,2.05910325645414,0.341526670196032,2.17383901571122
"Afr_penguin","W_Coast","Robben.Island",1982,"census","fit",2.99981820766616,1.21396546693326,5.66047772546622,1.18952944014043,5.99173387269241
"Afr_penguin","W_Coast","Robben.Island",1983,"census","fit",8.93323321020616,6.55477286515725,11.7107956490552,5.55130114748577,13.1989967830111
"Afr_penguin","W_Coast","Robben.Island",1984,"census","fit",25.2110025589273,18.6946713183588,32.7752079704751,16.0374535491346,37.2609118968568
"Afr_penguin","W_Coast","Robben.Island",1985,"census","fit",95.1875911728546,71.7936227863588,124.002489019182,57.7835431792621,138.315974804556
"Afr_penguin","W_Coast","Robben.Island",1986,"census","fit",222.552476656139,164.522322596195,287.593405222153,139.342818012196,323.933135427398
"Afr_penguin","W_Coast","Robben.Island",1987,"census","fit",461.0070283758,341.988234457021,594.446648565804,285.895619868093,673.510930419734
"Afr_penguin","W_Coast","Robben.Island",1988,"census","fit",790.686982634184,586.236474277415,1025.85597335465,500.614848290637,1159.08765316191
"Afr_penguin","W_Coast","Robben.Island",1989,"census","fit",867.686857578845,652.475273700785,1119.85902908758,537.142251318352,1269.6150279745
"Afr_penguin","W_Coast","Robben.Island",1990,"census","fit",1271.08796025316,934.44311832727,1654.13694679256,800.55732666577,1882.91021611367
"Afr_penguin","W_Coast","Robben.Island",1991,"census","fit",1799.36821279488,1336.55624527604,2335.29821629434,1151.93149946315,2645.21392109232
"Afr_penguin","W_Coast","Robben.Island",1992,"census","fit",2016.26723430993,1516.45600894139,2606.60822614413,1277.41763896249,2970.40631407169
"Afr_penguin","W_Coast","Robben.Island",1993,"census","fit",2212.71367661784,1649.00027845878,2869.88384994717,1328.58645630869,3203.94112744527
"Afr_penguin","W_Coast","Robben.Island",1994,"census","fit",2671.90252409976,1989.72483207911,3473.92188472375,1656.43368008764,3927.88986013679
"Afr_penguin","W_Coast","Robben.Island",1995,"census","fit",2405.60347012691,1771.35613129368,3096.65552984745,1520.87548246278,3523.81574991999
"Afr_penguin","W_Coast","Robben.Island",1996,"census","fit",3028.29130151079,2244.82276329991,3941.13243270345,1914.40479571897,4405.10674567376
"Afr_penguin","W_Coast","Robben.Island",1997,"census","fit",3319.75396634232,2426.31292626253,4278.51022215897,2056.81071448212,4812.23256168642
"Afr_penguin","W_Coast","Robben.Island",1998,"census","fit",3553.08455314486,2651.72970681199,4614.91921077357,2258.6942221437,5270.81935543669
"Afr_penguin","W_Coast","Robben.Island",1999,"census","fit",4400.96341934058,3241.6962981596,5751.01133760489,2762.81674271974,6484.41728550134
"Afr_penguin","W_Coast","Robben.Island",2000,"census","fit",5391.47187504283,4028.32392206313,6999.00169810115,3382.77700229917,7923.8665088261
"Afr_penguin","W_Coast","Robben.Island",2001,"census","fit",6336.88586408814,4690.64020370294,8156.12261168612,3954.94065282421,9190.45553907673
"Afr_penguin","W_Coast","Robben.Island",2002,"census","fit",6883.43755693956,4969.27728667227,8819.87181431496,4245.65567829008,10012.1064975762
"Afr_penguin","W_Coast","Robben.Island",2003,"census","fit",6245.3877051895,4630.45751592714,8074.72357029634,3876.25913131532,9134.43861032457
"Afr_penguin","W_Coast","Robben.Island",2004,"census","fit",7486.92145037475,5509.14614472912,9647.76623523568,4704.5751021529,10925.633902482
"Afr_penguin","W_Coast","Robben.Island",2005,"census","fit",7044.99363916926,5244.329951956,9130.25676873656,4468.93639181976,10231.4278641201
"Afr_penguin","W_Coast","Robben.Island",2006,"census","fit",5983.48522188019,4411.88920393616,7746.9864563362,3647.27008089058,8752.99064737143
"Afr_penguin","W_Coast","Robben.Island",2007,"census","fit",5681.20065437917,4250.76385582426,7348.54357849308,3528.30019640006,8353.61731431153
"Afr_penguin","W_Coast","Robben.Island",2008,"census","fit",4120.34002984651,3072.16799613755,5323.70810548334,2541.21738928206,5988.78962779641
"Afr_penguin","W_Coast","Robben.Island",2009,"census","fit",2592.17805519245,1907.98151458872,3335.47567956233,1651.87967300755,3802.5495371785
"Afr_penguin","W_Coast","Robben.Island",2010,"census","fit",2518.85916492728,1862.54600805418,3262.3767522114,1551.88244320165,3659.68081611613
"Afr_penguin","W_Coast","Robben.Island",2011,"census","fit",1862.5590553757,1398.18016974203,2417.64305926552,1181.2635902455,2728.91680628778
"Afr_penguin","W_Coast","Robben.Island",2012,"census","fit",1648.46138003007,1236.19206979782,2138.8295324532,1032.25022829839,2421.1736560425
"Afr_penguin","W_Coast","Robben.Island",2013,"census","fit",1355.74100818553,1002.45279318022,1748.04881237823,856.554937829843,1998.19721395738
"Afr_penguin","W_Coast","Robben.Island",2014,"census","fit",1076.24128654519,789.321884020116,1395.5800924105,659.1503046036,1583.96046314605
"Afr_penguin","W_Coast","Robben.Island",2015,"census","fit",1210.38739764037,896.011181494897,1554.59403088835,773.870272087152,1779.8395176539
"Afr_penguin","W_Coast","Robben.Island",2016,"census","fit",1344.77140223562,995.30657567899,1737.10825904215,830.167301821101,1954.43781486667
"Afr_penguin","W_Coast","Robben.Island",2017,"census","fit",1419.36604975569,1050.94721140269,1829.4700408664,897.840985566159,2081.04232825549
"Afr_penguin","W_Coast","Robben.Island",2018,"census","fit",1370.20492329049,1024.63345916862,1772.34870034322,862.998889304687,1996.85150886995
"Afr_penguin","W_Coast","Robben.Island",2019,"census","fit",1201.45290218054,890.646114127512,1563.30858620581,730.263728377019,1734.38082938107
"Afr_penguin","W_Coast","Robben.Island",2020,"census","fit",1104.27636177992,524.452262708942,1846.6904431402,503.863366000621,1998.56831993605
"Afr_penguin","W_Coast","Robben.Island",2021,"census","fit",1015.5464051848,746.595427624368,1327.95372950653,620.36244947133,1489.55985534321
"Afr_penguin","W_Coast","Robben.Island",2022,"census","fit",988.387970706515,730.734637280536,1284.35117422921,604.154160122174,1432.88333007698
"Afr_penguin","W_Coast","Robben.Island",2023,"census","fit",965.150913676526,693.234192045611,1258.02159543932,601.74587507882,1433.56706329565
"Afr_penguin","W_Coast","Robben.Island",2024,"census","prj",974.301632686258,691.02090838622,1322.89139953744,660.171577926122,1333.27857119703
